FID,IID,Hyp0,hyp1,SEX,age0,age1,rs8063330_A,rs8062734_A,rs8058318_A,rs892244_A,rs745519_A,rs7185064_A,rs16957838_A,rs8049208_A
K5K266088592,K5K266088592,1,1,2,47,57,0,0,1,0,0,1,0,0
K5K266003653,K5K266003653,1,1,2,47,57,0,0,2,0,0,2,0,0
K5K266034440,K5K266034440,1,1,1,65,75,0,0,0,0,0,0,0,0
K5K266005335,K5K266005335,1,1,1,65,75,0,0,1,0,0,1,0,0
K5K266039779,K5K266039779,0,0,2,48,58,0,0,0,0,0,0,0,0
K5K266047575,K5K266047575,1,1,1,62,72,0,0,0,0,0,0,0,0
K5K266092119,K5K266092119,1,1,1,66,76,0,0,0,0,0,0,0,0
K5K266082924,K5K266082924,1,1,1,61,71,0,0,0,0,0,0,0,0
K5K266091135,K5K266091135,1,1,1,64,74,0,0,1,0,0,2,0,0
K5K266094063,K5K266094063,1,1,2,66,76,0,0,1,0,0,1,0,0
K5K266050338,K5K266050338,1,1,1,53,63,0,0,1,0,0,2,0,0
K5K266070137,K5K266070137,1,1,2,60,70,0,0,1,0,0,1,0,0
K5K266040367,K5K266040367,1,1,1,51,61,0,0,0,0,0,0,0,0
K5K266007600,K5K266007600,0,1,1,53,63,1,1,1,1,1,1,0,1
K5K266032141,K5K266032141,1,1,1,48,58,0,0,1,0,0,1,0,0
K5K266001440,K5K266001440,1,1,1,68,78,0,0,2,0,0,2,0,0
K5K266087635,K5K266087635,0,0,2,48,58,0,0,0,0,0,1,0,0
K5K266035643,K5K266035643,1,0,2,47,57,0,0,1,0,0,1,0,0
K5K266073245,K5K266073245,1,1,2,69,79,0,0,1,0,0,1,0,0
K5K266056936,K5K266056936,1,1,1,67,77,0,0,1,0,0,1,0,0
K5K266085432,K5K266085432,1,1,2,57,67,0,0,0,0,0,0,0,0
K5K266054644,K5K266054644,1,1,2,61,71,0,0,0,0,0,1,0,0
K5K266036427,K5K266036427,0,0,1,50,60,0,0,1,0,0,1,0,0
K5K266063281,K5K266063281,0,0,2,56,66,0,0,1,0,0,2,0,0
K5K266057828,K5K266057828,1,1,1,58,68,0,0,0,0,0,1,0,0
K5K266002674,K5K266002674,1,1,1,58,68,0,0,0,0,0,0,0,0
K5K266090292,K5K266090292,0,0,2,46,56,0,0,1,0,0,1,0,0
K5K266006888,K5K266006888,0,1,1,65,75,0,0,2,0,0,2,0,0
K5K266070898,K5K266070898,1,1,1,64,74,0,0,1,0,0,1,0,0
K5K266087662,K5K266087662,1,1,2,45,55,0,0,1,0,0,2,0,0
K5K266004764,K5K266004764,1,1,2,64,74,1,1,1,1,1,1,0,1
K5K266021705,K5K266021705,1,1,2,65,75,0,0,1,0,0,2,0,0
K5K266079257,K5K266079257,1,1,2,66,76,1,1,0,1,1,1,0,1
K5K266093445,K5K266093445,1,1,2,48,58,0,0,2,0,0,2,0,0
K5K266087496,K5K266087496,1,1,1,57,67,1,1,0,1,1,1,0,1
K5K266092858,K5K266092858,0,1,2,46,56,0,0,0,0,0,0,0,0
K5K266087574,K5K266087574,1,1,2,46,56,0,0,0,0,0,0,0,0
K5K266025587,K5K266025587,1,1,2,55,65,0,0,0,0,0,0,0,0
K5K266037351,K5K266037351,1,1,2,61,71,0,0,1,0,0,2,0,0
K5K266051093,K5K266051093,0,1,1,66,76,0,0,1,0,0,0,0,1
K5K266033518,K5K266033518,1,1,2,64,74,1,1,0,1,1,1,0,1
K5K266040750,K5K266040750,1,1,2,65,75,1,1,0,1,1,0,0,1
K5K266096929,K5K266096929,1,1,1,68,78,1,1,0,1,1,1,0,1
K5K266034539,K5K266034539,1,1,2,47,57,0,0,1,0,0,0,0,1
K5K266056200,K5K266056200,0,1,2,67,77,0,0,1,0,0,1,0,0
K5K266003706,K5K266003706,1,1,1,59,69,0,0,0,0,0,0,0,0
K5K266069368,K5K266069368,1,1,1,56,66,0,0,0,0,0,0,0,1
K5K266056499,K5K266056499,0,1,2,45,55,0,0,0,0,0,1,0,0
K5K266076058,K5K266076058,1,1,2,62,72,1,1,1,1,1,1,1,2
K5K266057003,K5K266057003,1,1,1,63,73,0,0,0,0,0,0,0,0
K5K266034434,K5K266034434,0,0,2,53,63,0,0,0,0,0,1,0,0
K5K266034750,K5K266034750,1,1,1,65,75,1,1,0,1,1,1,0,1
K5K266082531,K5K266082531,1,1,1,67,77,0,0,0,0,0,1,0,0
K5K266059646,K5K266059646,1,1,1,61,71,0,0,0,0,0,0,0,0
K5K266025559,K5K266025559,0,1,2,49,59,0,0,1,0,0,1,0,0
K5K266001075,K5K266001075,1,1,2,47,57,0,0,1,0,0,1,0,0
K5K266012517,K5K266012517,0,0,2,53,63,0,0,0,0,0,0,0,0
K5K266092328,K5K266092328,1,1,1,60,70,0,0,2,0,0,2,0,0
K5K266088808,K5K266088808,1,0,1,58,68,0,1,0,0,0,1,0,1
K5K266040389,K5K266040389,1,1,2,62,72,0,0,1,0,0,1,0,1
K5K266032333,K5K266032333,1,1,1,64,74,0,0,2,0,0,2,0,0
K5K266064913,K5K266064913,1,1,2,64,74,0,0,1,0,0,1,0,0
K5K266042499,K5K266042499,1,1,2,57,67,0,0,2,0,0,2,0,0
K5K266059011,K5K266059011,1,1,2,47,57,0,0,1,0,0,1,0,0
K5K266015237,K5K266015237,0,1,1,52,62,0,0,2,0,0,2,0,0
K5K266027194,K5K266027194,1,1,1,56,66,0,0,1,0,0,1,0,0
K5K266074218,K5K266074218,1,1,1,47,57,0,0,0,0,0,1,0,0
K5K266094383,K5K266094383,1,1,1,49,59,0,0,0,0,0,1,0,0
K5K266040517,K5K266040517,1,1,2,59,69,0,0,1,0,0,1,1,1
K5K266005272,K5K266005272,1,1,1,47,57,0,0,2,0,0,2,0,0
K5K266086650,K5K266086650,0,1,2,46,56,1,1,0,1,1,1,0,1
K5K266013735,K5K266013735,0,0,2,48,58,0,0,1,0,0,1,0,0
K5K266008687,K5K266008687,0,0,2,47,57,0,0,2,0,0,2,0,0
K5K266051119,K5K266051119,0,0,2,66,76,0,0,0,0,0,1,0,0
K5K266096648,K5K266096648,1,1,2,62,72,0,0,1,0,0,1,0,0
K5K266025315,K5K266025315,1,1,1,57,67,0,1,0,0,0,0,0,1
K5K266094877,K5K266094877,1,1,1,64,74,0,0,1,0,0,2,0,0
K5K266064135,K5K266064135,1,1,2,60,70,1,1,0,0,0,1,0,1
K5K266032984,K5K266032984,0,1,2,45,55,0,0,1,0,0,2,0,0
K5K266049665,K5K266049665,1,1,1,55,65,0,0,1,0,0,1,0,0
K5K266015965,K5K266015965,1,1,1,47,57,0,0,1,0,0,1,0,0
K5K266087893,K5K266087893,1,1,2,56,66,0,0,1,0,0,1,0,0
K5K266012916,K5K266012916,1,1,2,50,60,0,1,0,0,0,1,0,1
K5K266064118,K5K266064118,1,1,2,51,61,0,0,2,0,0,2,1,1
K5K266031359,K5K266031359,1,1,2,64,74,0,0,0,0,0,2,0,0
K5K266056950,K5K266056950,1,1,2,55,65,0,1,0,0,0,0,0,1
K5K266006831,K5K266006831,1,1,2,68,78,0,0,2,0,0,2,0,0
K5K266091599,K5K266091599,1,1,2,54,64,0,0,1,0,0,1,0,0
K5K266054436,K5K266054436,1,1,2,57,67,0,0,2,0,0,2,0,0
K5K266037703,K5K266037703,1,1,1,61,71,0,0,1,0,0,1,0,0
K5K266023794,K5K266023794,0,1,2,53,63,0,0,1,0,0,2,0,0
K5K266016931,K5K266016931,1,1,2,49,59,0,0,0,0,0,0,0,0
K5K266049902,K5K266049902,1,1,2,67,77,0,0,1,0,0,2,0,0
K5K266079929,K5K266079929,1,1,2,50,60,0,0,2,0,0,2,0,0
K5K266097608,K5K266097608,1,1,1,54,64,0,0,1,0,0,1,1,1
K5K266013413,K5K266013413,0,0,2,50,60,0,0,2,0,0,2,1,1
K5K266033087,K5K266033087,1,1,2,65,75,1,1,1,1,1,1,0,1
K5K266032432,K5K266032432,1,1,1,49,59,0,0,1,0,0,1,0,0
K5K266043547,K5K266043547,1,1,2,60,70,0,0,1,0,0,1,0,0
K5K266044838,K5K266044838,0,1,1,46,56,1,1,1,1,1,1,0,1
K5K266024570,K5K266024570,1,1,1,53,63,1,1,0,1,1,0,0,1
K5K266024355,K5K266024355,1,1,2,69,79,0,0,0,0,0,1,0,1
K5K266016106,K5K266016106,0,0,2,45,55,1,1,0,1,1,0,0,1
K5K266076044,K5K266076044,1,1,2,69,79,0,0,2,0,0,2,1,1
K5K266030495,K5K266030495,1,1,1,64,74,0,0,1,0,0,1,0,0
K5K266050834,K5K266050834,1,1,1,69,79,0,0,0,0,0,0,0,1
K5K266099331,K5K266099331,1,1,2,53,63,0,0,0,0,0,0,0,1
K5K266058087,K5K266058087,1,1,1,52,62,0,0,1,0,0,2,0,0
K5K266029045,K5K266029045,1,1,2,60,70,0,0,1,0,0,1,0,0
K5K266041377,K5K266041377,1,1,1,58,68,0,0,0,0,0,0,0,0
K5K266043300,K5K266043300,0,0,2,45,55,1,1,1,1,1,1,1,2
K5K266009380,K5K266009380,1,1,1,69,79,1,1,0,1,1,0,0,1
K5K266012882,K5K266012882,1,1,2,45,55,0,0,1,0,0,1,0,1
K5K266003925,K5K266003925,1,1,2,46,56,0,0,0,0,0,0,0,0
K5K266055628,K5K266055628,1,1,2,50,60,1,1,1,1,1,1,0,1
K5K266049460,K5K266049460,1,1,1,66,76,0,0,0,0,0,0,0,0
K5K266048163,K5K266048163,1,1,1,65,75,1,1,0,1,1,0,0,1
K5K266038462,K5K266038462,1,1,1,61,71,0,0,1,0,0,1,0,1
K5K266009721,K5K266009721,1,1,1,54,64,0,0,1,0,0,1,0,0
K5K266087000,K5K266087000,1,1,2,51,61,0,1,0,0,0,0,0,1
K5K266038965,K5K266038965,1,1,1,54,64,0,0,1,0,0,1,0,0
K5K266012708,K5K266012708,0,0,2,55,65,0,0,1,0,0,1,0,0
K5K266043525,K5K266043525,1,1,1,56,66,0,0,1,0,0,1,0,0
K5K266051391,K5K266051391,0,1,2,53,63,0,0,1,0,0,2,0,0
K5K266074284,K5K266074284,0,0,1,47,57,0,0,2,0,0,2,0,0
K5K266035676,K5K266035676,1,1,2,56,66,0,0,1,0,0,2,0,0
K5K266009037,K5K266009037,0,0,2,52,62,0,0,1,0,0,1,0,0
K5K266022385,K5K266022385,1,1,2,54,64,0,0,1,0,0,1,0,0
K5K266055746,K5K266055746,1,1,1,48,58,0,0,1,0,0,1,0,0
K5K266032077,K5K266032077,1,1,2,62,72,1,1,0,1,1,0,0,1
K5K266001121,K5K266001121,1,1,1,58,68,1,1,1,1,1,1,0,1
K5K266075475,K5K266075475,1,0,1,52,62,0,1,1,0,0,1,0,1
K5K266039494,K5K266039494,1,1,1,55,65,0,0,1,0,0,1,0,0
K5K266090216,K5K266090216,0,0,2,45,55,1,1,1,1,1,1,0,1
K5K266066894,K5K266066894,1,1,2,56,66,0,0,1,0,0,1,1,1
K5K266011672,K5K266011672,1,1,1,67,77,1,1,1,1,1,1,0,1
K5K266019384,K5K266019384,1,1,2,55,65,1,1,1,1,1,1,0,1
K5K266098938,K5K266098938,0,1,2,51,61,0,0,1,0,0,1,0,0
K5K266036578,K5K266036578,1,1,1,53,63,1,1,0,1,1,0,0,2
K5K266025768,K5K266025768,1,1,2,69,79,0,0,2,0,0,2,0,0
K5K266059552,K5K266059552,1,1,1,51,61,0,0,2,0,0,2,0,0
K5K266072292,K5K266072292,1,1,2,66,76,0,0,0,0,0,0,0,0
K5K266095571,K5K266095571,1,1,1,66,76,0,0,0,0,0,1,0,0
K5K266074869,K5K266074869,0,0,2,45,55,0,0,0,0,0,0,0,0
K5K266073107,K5K266073107,1,1,2,56,66,0,0,0,0,0,0,0,0
K5K266009374,K5K266009374,1,1,2,58,68,0,0,0,0,0,1,0,0
K5K266003681,K5K266003681,1,1,1,62,72,1,1,0,1,1,0,0,1
K5K266097625,K5K266097625,0,0,1,61,71,0,0,2,0,0,2,1,1
K5K266021333,K5K266021333,1,1,1,64,74,0,0,1,0,0,1,0,0
K5K266070373,K5K266070373,0,1,1,49,59,0,0,1,0,0,1,0,0
K5K266089653,K5K266089653,1,1,1,58,68,1,1,0,1,1,0,0,1
K5K266080308,K5K266080308,1,1,2,63,73,0,0,1,0,0,1,0,0
K5K266016559,K5K266016559,1,1,2,57,67,0,0,0,0,0,0,0,0
K5K266084695,K5K266084695,0,1,2,53,63,0,0,1,0,0,1,0,1
K5K266067056,K5K266067056,1,1,1,56,66,0,0,0,0,0,0,0,0
K5K266083464,K5K266083464,1,1,1,57,67,0,0,1,0,0,1,0,0
K5K266093568,K5K266093568,0,1,2,57,67,1,1,1,1,1,1,0,1
K5K266010285,K5K266010285,1,1,1,62,72,0,0,0,0,0,0,0,1
K5K266051218,K5K266051218,1,1,2,47,57,1,1,1,1,1,1,0,1
K5K266058906,K5K266058906,1,1,1,58,68,0,0,0,0,0,1,0,0
K5K266022278,K5K266022278,1,1,1,56,66,0,0,2,0,0,2,0,0
K5K266012826,K5K266012826,1,1,1,49,59,0,0,0,0,0,1,0,0
K5K266015987,K5K266015987,1,1,1,45,55,0,0,1,0,0,1,0,0
K5K266033991,K5K266033991,1,1,2,64,74,0,0,0,0,0,1,0,0
K5K266032705,K5K266032705,0,0,2,46,56,0,0,1,0,0,2,0,0
K5K266097636,K5K266097636,1,1,1,68,78,1,1,0,1,1,0,0,1
K5K266000709,K5K266000709,1,1,2,46,56,1,1,1,0,0,1,0,1
K5K266057682,K5K266057682,1,1,1,45,55,0,1,0,0,0,1,0,1
K5K266036235,K5K266036235,0,0,1,47,57,0,0,1,0,0,1,0,0
K5K266020466,K5K266020466,1,1,1,59,69,0,0,0,0,0,1,0,0
K5K266040266,K5K266040266,1,1,2,63,73,0,0,0,0,0,1,0,0
K5K266003780,K5K266003780,1,1,2,56,66,0,0,2,0,0,2,0,0
K5K266044396,K5K266044396,1,1,1,48,58,0,0,0,0,0,0,0,0
K5K266011546,K5K266011546,1,1,2,50,60,0,0,1,0,0,1,1,1
K5K266068648,K5K266068648,1,1,2,46,56,0,0,0,0,0,0,0,0
K5K266082050,K5K266082050,1,1,2,69,79,0,0,0,0,0,1,0,0
K5K266044906,K5K266044906,1,1,2,45,55,0,0,1,0,0,1,0,0
K5K266093362,K5K266093362,0,0,2,55,65,1,1,0,1,1,0,0,1
K5K266015080,K5K266015080,0,0,2,45,55,1,1,1,1,1,1,0,1
K5K266034736,K5K266034736,0,1,2,62,72,0,0,0,0,0,1,0,0
K5K266097087,K5K266097087,0,0,2,45,55,0,0,1,0,0,1,0,0
K5K266074979,K5K266074979,1,1,1,51,61,1,1,0,1,1,0,0,1
K5K266009567,K5K266009567,1,1,2,52,62,0,0,2,0,0,2,1,1
K5K266067835,K5K266067835,1,1,1,57,67,0,0,0,0,0,0,0,0
K5K266097098,K5K266097098,1,1,1,54,64,0,1,1,0,0,1,0,1
K5K266047803,K5K266047803,1,1,1,55,65,0,0,0,0,0,0,0,0
K5K266053372,K5K266053372,1,1,2,59,69,0,0,2,0,0,2,0,0
K5K266097518,K5K266097518,1,1,1,64,74,0,0,1,0,0,2,0,0
K5K266053248,K5K266053248,0,1,2,57,67,0,0,1,0,0,1,0,0
K5K266097551,K5K266097551,1,1,1,59,69,0,0,1,0,0,1,0,0
K5K266096693,K5K266096693,1,1,2,45,55,0,0,0,0,0,1,0,0
K5K266095925,K5K266095925,1,1,1,58,68,0,0,2,0,0,2,1,1
K5K266076970,K5K266076970,0,1,2,48,58,0,0,1,0,0,0,0,0
K5K266090796,K5K266090796,0,1,2,49,59,0,0,0,0,0,1,0,0
K5K266079880,K5K266079880,1,1,2,59,69,0,0,1,0,0,1,0,0
K5K266002265,K5K266002265,1,1,1,64,74,1,1,0,1,1,1,0,1
K5K266062336,K5K266062336,0,1,2,54,64,0,0,1,0,0,1,0,0
K5K266091239,K5K266091239,1,1,1,48,58,0,0,0,0,0,0,0,0
K5K266070428,K5K266070428,0,0,2,50,60,0,0,2,0,0,2,0,0
K5K266041954,K5K266041954,0,0,2,51,61,0,0,0,0,0,0,0,0
K5K266086793,K5K266086793,1,1,2,56,66,0,0,1,0,0,1,0,0
K5K266011256,K5K266011256,1,1,2,62,72,0,0,2,0,0,2,0,0
K5K266075213,K5K266075213,1,1,1,45,55,0,0,1,0,0,2,0,0
K5K266008503,K5K266008503,1,1,2,62,72,0,0,1,0,0,1,0,0
K5K266047006,K5K266047006,1,1,1,46,56,2,2,0,2,2,0,0,2
K5K266005346,K5K266005346,1,1,1,46,56,0,0,1,0,0,1,0,1
K5K266025145,K5K266025145,1,1,1,69,79,2,2,0,2,2,0,0,2
K5K266099674,K5K266099674,0,0,2,55,65,1,1,0,1,1,0,0,1
K5K266066441,K5K266066441,0,0,2,51,61,0,0,1,0,0,1,0,0
K5K266091577,K5K266091577,1,1,1,69,79,0,0,1,0,0,1,0,0
K5K266045374,K5K266045374,0,1,1,52,62,0,1,1,0,0,1,0,1
K5K266060631,K5K266060631,0,0,2,60,70,1,1,1,1,1,1,0,1
K5K266025600,K5K266025600,1,1,1,50,60,0,0,1,0,0,1,0,0
K5K266099606,K5K266099606,1,1,2,50,60,1,1,1,1,1,1,0,1
K5K266034761,K5K266034761,1,1,2,69,79,0,1,1,0,0,1,0,1
K5K266070585,K5K266070585,1,1,1,59,69,0,0,0,0,0,0,0,0
K5K266077204,K5K266077204,0,1,2,49,59,0,0,0,0,0,0,0,0
K5K266057099,K5K266057099,1,1,1,69,79,0,0,2,0,0,2,0,0
K5K266016565,K5K266016565,1,1,1,63,73,0,0,2,0,0,2,0,0
K5K266018556,K5K266018556,1,1,1,45,55,0,0,2,0,0,2,0,0
K5K266018125,K5K266018125,0,1,2,59,69,0,0,1,0,0,2,0,0
K5K266090309,K5K266090309,1,1,2,63,73,0,0,1,0,0,1,0,0
K5K266098815,K5K266098815,1,1,1,52,62,0,0,1,0,0,1,0,0
K5K266050151,K5K266050151,1,0,2,57,67,0,0,0,0,0,0,0,0
K5K266048740,K5K266048740,1,1,1,50,60,0,0,2,0,0,2,0,0
K5K266088243,K5K266088243,1,1,2,53,63,0,0,2,0,0,2,0,0
K5K266071730,K5K266071730,1,1,1,63,73,0,0,1,0,0,1,0,0
K5K266084491,K5K266084491,1,1,2,59,69,0,0,1,0,0,2,0,0
K5K266087356,K5K266087356,0,0,2,46,56,1,1,1,1,1,1,1,2
K5K266025942,K5K266025942,1,1,1,64,74,0,0,1,0,0,2,0,0
K5K266010322,K5K266010322,1,1,2,54,64,0,1,1,0,0,1,1,2
K5K266047361,K5K266047361,1,1,2,58,68,0,0,1,0,0,1,0,0
K5K266033771,K5K266033771,1,1,2,56,66,0,0,2,0,0,2,0,0
K5K266055467,K5K266055467,1,1,1,52,62,0,0,0,0,0,0,0,0
K5K266030505,K5K266030505,1,1,1,67,77,0,0,0,0,0,0,0,0
K5K266070958,K5K266070958,1,1,2,45,55,0,0,1,0,0,1,0,0
K5K266024926,K5K266024926,1,1,1,55,65,0,0,1,0,0,2,0,0
K5K266037540,K5K266037540,1,1,2,49,59,1,1,0,1,1,0,0,1
K5K266074427,K5K266074427,1,1,1,56,66,0,0,1,0,0,2,0,0
K5K266088735,K5K266088735,1,1,2,61,71,0,0,2,0,0,1,0,1
K5K266060290,K5K266060290,1,1,1,59,69,1,1,1,1,1,1,0,1
K5K266063856,K5K266063856,0,0,2,46,56,0,0,1,0,0,1,0,0
K5K266077954,K5K266077954,1,1,1,54,64,0,0,0,0,0,0,0,0
K5K266081988,K5K266081988,1,1,1,60,70,1,1,0,1,1,0,0,1
K5K266059231,K5K266059231,0,0,2,45,55,0,0,1,0,0,1,0,0
K5K266019613,K5K266019613,1,1,2,62,72,0,0,1,0,0,0,0,1
K5K266037329,K5K266037329,1,1,1,62,72,0,0,2,0,0,2,0,0
K5K266073072,K5K266073072,1,1,1,68,78,0,1,1,0,0,1,0,1
K5K266002144,K5K266002144,1,1,1,50,60,1,1,1,0,0,1,0,1
K5K266014670,K5K266014670,1,1,1,60,70,0,0,1,0,0,1,0,0
K5K266035801,K5K266035801,0,1,2,53,63,0,0,1,0,0,1,0,0
K5K266014403,K5K266014403,1,1,2,57,67,0,0,0,0,0,0,0,0
K5K266042537,K5K266042537,1,1,1,55,65,1,1,1,0,0,2,0,0
K5K266003431,K5K266003431,0,1,1,48,58,1,1,0,1,1,1,0,1
K5K266051912,K5K266051912,1,1,2,56,66,0,0,0,0,0,0,0,0
K5K266099079,K5K266099079,1,1,2,59,69,0,0,0,0,0,2,0,0
K5K266010693,K5K266010693,1,1,1,45,55,0,0,1,0,0,2,0,0
K5K266020873,K5K266020873,1,1,1,60,70,0,0,1,0,0,1,0,0
K5K266002707,K5K266002707,1,1,1,52,62,0,0,1,0,0,1,0,0
K5K266097166,K5K266097166,1,1,1,56,66,0,0,1,0,0,1,0,0
K5K266097021,K5K266097021,1,1,2,54,64,0,0,1,0,0,1,0,0
K5K266055937,K5K266055937,1,1,2,67,77,0,1,1,0,0,1,0,1
K5K266067013,K5K266067013,1,1,2,66,76,0,0,1,0,0,1,0,0
K5K266027776,K5K266027776,0,1,2,57,67,1,1,0,1,1,0,0,1
K5K266008206,K5K266008206,1,1,1,55,65,1,1,1,1,1,1,0,1
K5K266072029,K5K266072029,1,1,1,69,79,0,0,1,0,0,1,1,1
K5K266015623,K5K266015623,1,1,2,50,60,0,0,1,0,0,1,0,0
K5K266084630,K5K266084630,1,1,1,58,68,0,0,1,0,0,1,0,0
K5K266034580,K5K266034580,1,1,2,55,65,1,1,1,1,1,0,0,2
K5K266096077,K5K266096077,1,1,2,67,77,0,0,1,0,0,1,0,0
K5K266058188,K5K266058188,1,1,2,62,72,0,0,1,0,0,1,0,0
K5K266001837,K5K266001837,1,1,2,56,66,0,0,1,0,0,2,0,0
K5K266021984,K5K266021984,1,1,1,51,61,0,0,0,0,0,0,0,0
K5K266076011,K5K266076011,1,1,1,65,75,0,0,1,0,0,2,0,0
K5K266098893,K5K266098893,1,1,1,62,72,0,0,1,0,0,1,0,0
K5K266029558,K5K266029558,1,1,2,60,70,0,0,1,0,0,1,0,0
K5K266087882,K5K266087882,0,1,1,58,68,0,0,1,0,0,1,0,0
K5K266031670,K5K266031670,1,1,1,56,66,0,0,1,0,0,1,0,0
K5K266000849,K5K266000849,1,1,2,62,72,0,0,2,0,0,2,0,0
K5K266075368,K5K266075368,1,1,2,68,78,0,0,1,0,0,1,0,0
K5K266029164,K5K266029164,0,1,2,52,62,0,0,1,0,0,1,0,0
K5K266049775,K5K266049775,1,1,2,48,58,0,0,1,0,0,2,0,0
K5K266077169,K5K266077169,1,1,1,63,73,0,0,1,0,0,1,0,0
K5K266091083,K5K266091083,1,1,2,59,69,0,0,2,0,0,2,0,0
K5K266084523,K5K266084523,1,1,2,47,57,0,0,0,0,0,0,0,0
K5K266003515,K5K266003515,1,1,1,65,75,0,0,2,0,0,2,0,0
K5K266036391,K5K266036391,1,1,2,66,76,0,0,1,0,0,1,1,1
K5K266032375,K5K266032375,1,1,1,59,69,0,0,0,0,0,0,0,0
K5K266059143,K5K266059143,1,1,1,69,79,0,0,1,0,0,1,0,0
K5K266016785,K5K266016785,0,1,2,53,63,0,0,2,0,0,2,0,0
K5K266048264,K5K266048264,1,1,1,47,57,0,0,0,0,0,0,0,0
K5K266090999,K5K266090999,1,1,1,49,59,1,1,1,1,1,1,0,1
K5K266062558,K5K266062558,0,1,1,52,62,0,0,0,0,0,0,0,0
K5K266054955,K5K266054955,1,1,1,45,55,0,0,0,0,0,0,0,0
K5K266045811,K5K266045811,1,1,2,55,65,0,0,0,0,0,1,0,0
K5K266093821,K5K266093821,1,1,1,51,61,0,0,0,0,0,0,0,0
K5K266016191,K5K266016191,1,1,2,55,65,0,1,0,0,0,0,0,1
K5K266020554,K5K266020554,1,1,2,69,79,0,0,1,0,0,1,0,0
K5K266065058,K5K266065058,0,1,2,49,59,0,0,0,0,0,1,0,0
K5K266077210,K5K266077210,1,1,2,50,60,0,0,1,0,0,2,0,0
K5K266010682,K5K266010682,1,1,2,64,74,1,1,0,1,1,0,0,1
K5K266008025,K5K266008025,1,1,1,67,77,0,0,0,0,0,1,0,0
K5K266076905,K5K266076905,1,1,1,51,61,0,0,1,0,0,1,0,0
K5K266018026,K5K266018026,1,1,1,63,73,0,0,1,0,0,1,0,0
K5K266024489,K5K266024489,1,1,1,66,76,0,0,2,0,0,2,0,0
K5K266018985,K5K266018985,1,1,2,54,64,0,0,1,0,0,0,0,1
K5K266080855,K5K266080855,1,1,1,60,70,0,0,1,0,0,2,0,0
K5K266070997,K5K266070997,0,0,1,55,65,0,0,1,0,0,2,0,0
K5K266017868,K5K266017868,1,1,1,46,56,0,0,1,0,0,0,0,1
K5K266088314,K5K266088314,1,1,1,54,64,0,0,1,0,0,2,0,0
K5K266021508,K5K266021508,1,1,1,49,59,0,0,0,0,0,0,0,1
K5K266056168,K5K266056168,1,1,2,69,79,0,0,2,0,0,2,0,0
K5K266068609,K5K266068609,1,1,1,47,57,1,1,0,1,1,0,0,1
K5K266042488,K5K266042488,1,1,1,49,59,0,0,0,0,0,1,0,0
K5K266001684,K5K266001684,1,1,1,46,56,0,0,0,0,0,0,0,0
K5K266028540,K5K266028540,0,0,2,50,60,0,0,0,0,0,0,0,0
K5K266087104,K5K266087104,1,1,2,60,70,0,0,2,0,0,2,0,0
K5K266090611,K5K266090611,1,1,2,53,63,0,0,1,0,0,2,0,0
K5K266038293,K5K266038293,1,1,2,49,59,0,0,1,0,0,2,0,0
K5K266021615,K5K266021615,1,0,2,48,58,1,1,1,1,1,1,0,1
K5K266082460,K5K266082460,0,0,2,53,63,1,1,0,1,1,0,0,1
K5K266006741,K5K266006741,1,1,2,68,78,0,0,1,0,0,1,0,0
K5K266015814,K5K266015814,1,1,2,60,70,0,0,1,0,0,2,0,0
K5K266060339,K5K266060339,1,1,1,63,73,0,0,1,0,0,2,0,0
K5K266064503,K5K266064503,1,1,1,46,56,1,1,0,1,1,0,0,1
K5K266041746,K5K266041746,0,0,2,45,55,0,0,0,0,0,0,0,0
K5K266051071,K5K266051071,1,1,1,57,67,0,0,1,0,0,1,0,0
K5K266013186,K5K266013186,1,1,2,49,59,0,0,1,0,0,2,0,0
K5K266099808,K5K266099808,0,1,1,54,64,0,0,1,0,0,1,0,0
K5K266075497,K5K266075497,0,0,2,56,66,0,0,1,0,0,1,0,0
K5K266094394,K5K266094394,0,0,2,50,60,0,0,1,0,0,1,0,0
K5K266035094,K5K266035094,0,0,2,46,56,0,0,0,0,0,1,0,1
K5K266025238,K5K266025238,0,1,1,63,73,1,1,1,1,1,1,0,1
K5K266079891,K5K266079891,1,1,1,64,74,0,0,1,0,0,2,0,0
K5K266007841,K5K266007841,1,1,1,56,66,0,0,1,0,0,1,0,0
K5K266037898,K5K266037898,0,1,1,63,73,0,0,1,0,0,1,0,0
K5K266077617,K5K266077617,1,1,1,60,70,0,0,2,0,0,2,0,0
K5K266021907,K5K266021907,1,1,1,56,66,0,0,1,0,0,1,0,0
K5K266055040,K5K266055040,1,1,2,56,66,0,0,1,0,0,1,0,0
K5K266011357,K5K266011357,0,1,2,61,71,0,0,0,0,0,1,0,0
K5K266079296,K5K266079296,1,1,1,52,62,0,0,1,0,0,1,0,0
K5K266071091,K5K266071091,1,1,2,60,70,0,0,2,0,0,2,0,0
K5K266080569,K5K266080569,1,1,2,69,79,0,0,2,0,0,2,0,0
K5K266031681,K5K266031681,1,1,2,60,70,0,1,1,0,0,1,0,1
K5K266030948,K5K266030948,1,1,2,56,66,0,0,0,0,0,0,0,0
K5K266043806,K5K266043806,1,1,2,50,60,0,0,0,0,0,1,0,0
K5K266038888,K5K266038888,1,0,1,54,64,0,0,2,0,0,2,0,0
K5K266061911,K5K266061911,1,1,1,55,65,0,0,0,0,0,1,0,0
K5K266095717,K5K266095717,1,1,1,52,62,0,0,1,0,0,2,0,0
K5K266070474,K5K266070474,1,1,2,53,63,0,0,2,0,0,1,0,1
K5K266077663,K5K266077663,1,1,1,55,65,0,0,1,0,0,1,0,0
K5K266067947,K5K266067947,1,1,1,50,60,1,1,0,1,1,0,0,1
K5K266084480,K5K266084480,1,1,1,51,61,0,0,2,0,0,2,0,0
K5K266040552,K5K266040552,1,1,1,52,62,0,0,1,0,0,2,0,0
K5K266089616,K5K266089616,1,1,1,56,66,0,0,2,0,0,2,0,0
K5K266039216,K5K266039216,1,1,1,65,75,0,0,0,0,0,0,0,0
K5K266004285,K5K266004285,1,1,1,51,61,1,1,0,1,1,0,0,1
K5K266029308,K5K266029308,0,0,1,53,63,0,0,0,0,0,0,0,0
K5K266084038,K5K266084038,1,1,2,67,77,1,1,0,1,1,0,0,1
K5K266073632,K5K266073632,1,1,1,52,62,0,0,1,0,0,0,0,1
K5K266010487,K5K266010487,1,1,1,64,74,0,0,2,0,0,2,0,0
K5K266002751,K5K266002751,1,0,2,57,67,0,0,1,0,0,2,0,0
K5K266053597,K5K266053597,1,1,1,64,74,0,0,0,0,0,1,0,0
K5K266003442,K5K266003442,1,1,1,65,75,0,0,2,0,0,2,0,0
K5K266060800,K5K266060800,1,1,1,54,64,0,0,0,0,0,1,0,0
K5K266095627,K5K266095627,1,1,1,65,75,1,1,0,1,1,0,0,1
K5K266078664,K5K266078664,1,1,2,58,68,0,0,1,0,0,1,0,0
K5K266038248,K5K266038248,1,1,1,65,75,0,0,0,0,0,0,0,0
K5K266049252,K5K266049252,1,1,1,69,79,0,0,0,0,0,0,0,0
K5K266070362,K5K266070362,1,1,2,53,63,0,0,2,0,0,2,0,0
K5K266023837,K5K266023837,0,1,1,62,72,0,0,1,0,0,1,0,1
K5K266013570,K5K266013570,1,1,1,57,67,0,0,1,0,0,1,0,0
K5K266032102,K5K266032102,1,1,1,54,64,0,0,1,0,0,1,0,0
K5K266043828,K5K266043828,1,1,2,63,73,0,0,0,0,0,2,0,0
K5K266039174,K5K266039174,1,1,1,50,60,0,0,1,0,0,1,0,0
K5K266044076,K5K266044076,1,1,2,67,77,1,1,0,1,1,0,0,1
K5K266055915,K5K266055915,1,1,1,48,58,0,0,1,0,0,2,0,0
K5K266083284,K5K266083284,1,1,1,56,66,0,0,0,0,0,2,0,0
K5K266077516,K5K266077516,1,1,2,65,75,0,0,2,0,0,2,0,0
K5K266098528,K5K266098528,1,1,1,54,64,0,0,1,0,0,2,0,0
K5K266028986,K5K266028986,1,1,1,53,63,0,0,1,0,0,1,0,0
K5K266064146,K5K266064146,1,1,1,55,65,1,1,0,1,1,0,0,1
K5K266034255,K5K266034255,0,1,2,58,68,0,0,0,0,0,0,0,0
K5K266029254,K5K266029254,1,1,1,59,69,0,1,0,0,0,0,0,1
K5K266041489,K5K266041489,0,0,1,45,55,1,1,0,1,1,0,0,1
K5K266017599,K5K266017599,1,1,1,59,69,1,1,1,1,1,1,0,1
K5K266097385,K5K266097385,1,1,2,60,70,0,0,1,0,0,1,0,0
K5K266099399,K5K266099399,1,1,1,57,67,0,1,0,0,0,1,0,1
K5K266049274,K5K266049274,1,1,1,52,62,1,1,1,1,1,1,1,2
K5K266002592,K5K266002592,0,0,2,46,56,1,1,0,1,1,0,0,1
K5K266088894,K5K266088894,1,1,1,66,76,0,0,0,0,0,0,0,1
K5K266061109,K5K266061109,1,1,2,62,72,0,0,1,0,0,2,0,0
K5K266025633,K5K266025633,1,1,2,59,69,0,0,1,0,0,1,0,0
K5K266006462,K5K266006462,0,0,1,55,65,0,0,0,0,0,1,0,1
K5K266085322,K5K266085322,1,1,1,58,68,0,0,2,0,0,2,0,0
K5K266072461,K5K266072461,1,1,2,46,56,0,0,1,0,0,2,0,0
K5K266073700,K5K266073700,1,1,2,56,66,2,2,0,2,2,0,0,2
K5K266013746,K5K266013746,1,1,2,62,72,0,0,2,0,0,2,0,0
K5K266004189,K5K266004189,0,0,1,69,79,0,0,1,0,0,2,0,0
K5K266018147,K5K266018147,1,1,2,54,64,0,0,0,0,0,0,0,0
K5K266060172,K5K266060172,1,1,2,56,66,0,0,1,0,0,1,0,0
K5K266020972,K5K266020972,1,1,2,46,56,0,0,1,0,0,2,0,0
K5K266000021,K5K266000021,1,1,2,47,57,0,1,0,0,0,0,0,1
K5K266055894,K5K266055894,0,0,1,60,70,0,0,0,0,0,0,0,0
K5K266044870,K5K266044870,1,1,2,56,66,0,0,1,0,0,2,0,0
K5K266077735,K5K266077735,1,1,1,55,65,0,0,1,0,0,1,0,1
K5K266053814,K5K266053814,1,1,2,51,61,0,0,1,0,0,1,0,0
K5K266010536,K5K266010536,1,1,1,67,77,0,0,1,0,0,1,0,0
K5K266025461,K5K266025461,1,1,1,68,78,0,0,1,0,0,1,0,0
K5K266085124,K5K266085124,1,1,1,50,60,0,0,1,0,0,1,0,0
K5K266035930,K5K266035930,1,1,2,54,64,0,0,0,0,0,0,0,0
K5K266003763,K5K266003763,1,1,1,55,65,0,0,2,0,0,2,0,0
K5K266070799,K5K266070799,1,1,2,49,59,0,0,2,0,0,2,0,0
K5K266003745,K5K266003745,1,1,1,64,74,2,2,0,2,2,0,0,2
K5K266046236,K5K266046236,1,1,1,58,68,0,0,1,0,0,2,0,0
K5K266054450,K5K266054450,0,0,2,54,64,1,1,0,1,1,0,0,1
K5K266000043,K5K266000043,1,1,1,54,64,1,1,0,1,1,0,0,1
K5K266090587,K5K266090587,1,1,1,59,69,0,0,0,0,0,0,0,0
K5K266051822,K5K266051822,1,1,1,67,77,0,0,1,0,0,2,0,0
K5K266004572,K5K266004572,1,1,1,53,63,0,0,1,0,0,1,0,0
K5K266049291,K5K266049291,1,1,1,47,57,0,0,0,0,0,0,0,0
K5K266059761,K5K266059761,1,1,1,52,62,0,0,1,0,0,1,0,0
K5K266094105,K5K266094105,1,1,1,53,63,1,1,0,1,1,0,0,1
K5K266009416,K5K266009416,1,1,1,64,74,0,0,0,0,0,0,0,0
K5K266008437,K5K266008437,1,1,1,66,76,0,0,1,0,0,1,0,0
K5K266084064,K5K266084064,0,0,2,66,76,1,1,0,1,1,0,0,1
K5K266066628,K5K266066628,0,1,2,45,55,1,1,1,1,1,1,0,1
K5K266028799,K5K266028799,1,1,2,67,77,0,0,1,0,0,1,0,0
K5K266034198,K5K266034198,1,1,2,52,62,0,0,0,0,0,1,0,0
K5K266055413,K5K266055413,0,0,2,57,67,1,1,0,1,1,1,0,1
K5K266086199,K5K266086199,0,1,2,47,57,0,0,2,0,0,2,1,0
K5K266062091,K5K266062091,1,1,1,47,57,1,1,1,1,1,1,0,1
K5K266031123,K5K266031123,0,1,2,45,55,0,0,1,0,0,1,0,0
K5K266012736,K5K266012736,0,1,1,61,71,0,0,1,0,0,2,0,0
K5K266096279,K5K266096279,1,1,1,64,74,0,0,0,0,0,0,0,1
K5K266047127,K5K266047127,1,1,2,64,74,0,0,0,0,0,1,0,0
K5K266072227,K5K266072227,1,1,2,59,69,0,0,2,0,0,2,0,0
K5K266026621,K5K266026621,1,1,2,52,62,0,0,2,0,0,2,0,0
K5K266096845,K5K266096845,0,0,2,47,57,0,0,0,0,0,0,0,0
K5K266041456,K5K266041456,1,1,2,46,56,0,0,0,0,0,0,0,1
K5K266061148,K5K266061148,1,1,2,49,59,1,1,0,1,1,0,0,2
K5K266035956,K5K266035956,0,0,2,46,56,0,0,0,0,0,1,0,0
K5K266027345,K5K266027345,1,1,1,56,66,0,0,1,0,0,1,0,0
K5K266010594,K5K266010594,1,1,2,60,70,1,1,1,1,1,1,0,1
K5K266087848,K5K266087848,1,1,2,57,67,0,0,2,0,0,1,0,1
K5K266072510,K5K266072510,1,1,1,62,72,0,0,2,0,0,2,0,0
K5K266082019,K5K266082019,1,1,2,53,63,0,0,0,0,0,1,0,0
K5K266078851,K5K266078851,0,1,1,55,65,0,0,1,0,0,1,0,0
K5K266046373,K5K266046373,1,1,1,65,75,0,0,2,0,0,2,0,0
K5K266025757,K5K266025757,1,1,2,48,58,0,0,0,0,0,0,0,0
K5K266023815,K5K266023815,1,1,1,48,58,0,0,1,0,0,1,0,0
K5K266066993,K5K266066993,1,1,1,62,72,0,0,0,0,0,0,0,0
K5K266019911,K5K266019911,0,0,2,56,66,1,1,1,1,1,1,0,1
K5K266021088,K5K266021088,1,1,2,57,67,1,1,0,1,1,0,0,1
K5K266029028,K5K266029028,0,0,2,46,56,0,0,2,0,0,2,0,0
K5K266014101,K5K266014101,1,1,1,54,64,0,0,1,0,0,1,0,1
K5K266015215,K5K266015215,1,1,1,46,56,0,0,1,0,0,1,0,0
K5K266095455,K5K266095455,1,1,2,69,79,0,0,0,0,0,1,0,0
K5K266049797,K5K266049797,1,1,2,45,55,0,0,1,0,0,1,0,0
K5K266060940,K5K266060940,0,1,2,59,69,0,0,2,0,0,2,0,0
K5K266055790,K5K266055790,1,1,2,65,75,1,1,0,1,1,0,0,1
K5K266044098,K5K266044098,1,1,2,49,59,0,0,1,0,0,2,0,0
K5K266031818,K5K266031818,1,1,2,67,77,1,1,0,1,1,1,0,1
K5K266051957,K5K266051957,1,1,1,54,64,0,0,2,0,0,2,0,0
K5K266023097,K5K266023097,0,0,1,53,63,0,0,1,0,0,2,0,0
K5K266070656,K5K266070656,1,1,1,46,56,0,0,1,0,0,1,0,0
K5K266065563,K5K266065563,1,1,2,62,72,0,1,1,0,0,1,0,1
K5K266073698,K5K266073698,1,1,1,67,77,0,0,1,0,0,1,0,0
K5K266078095,K5K266078095,1,1,1,58,68,0,0,1,0,0,1,0,0
K5K266093512,K5K266093512,1,1,2,53,63,0,0,1,0,0,1,0,0
K5K266095692,K5K266095692,1,1,2,52,62,1,1,1,1,1,1,1,2
K5K266038325,K5K266038325,1,1,1,57,67,0,0,2,0,0,1,0,1
K5K266008902,K5K266008902,1,1,2,55,65,0,0,1,0,0,1,0,0
K5K266004918,K5K266004918,1,1,2,56,66,1,1,1,0,0,1,0,1
K5K266056846,K5K266056846,1,1,1,59,69,1,1,1,1,1,1,0,1
K5K266013001,K5K266013001,1,1,1,57,67,0,0,1,0,0,0,0,1
K5K266048419,K5K266048419,0,0,2,65,75,0,0,0,0,0,0,0,0
K5K266062149,K5K266062149,0,0,2,54,64,0,0,2,0,0,1,0,1
K5K266086400,K5K266086400,1,1,1,45,55,0,0,0,0,0,0,0,0
K5K266000636,K5K266000636,1,1,2,53,63,0,0,1,0,0,1,0,0
K5K266061016,K5K266061016,1,1,2,56,66,1,1,0,1,1,0,0,1
K5K266092940,K5K266092940,1,1,2,66,76,0,0,1,0,0,1,0,0
K5K266056112,K5K266056112,0,1,1,48,58,1,2,0,1,1,0,0,2
K5K266024553,K5K266024553,1,1,1,57,67,0,0,0,0,0,0,0,0
K5K266063145,K5K266063145,1,1,2,48,58,1,1,1,1,1,1,0,1
K5K266097535,K5K266097535,1,1,1,55,65,0,0,1,0,0,2,0,0
K5K266003258,K5K266003258,0,0,1,46,56,0,0,1,0,0,1,0,0
K5K266031664,K5K266031664,1,1,1,50,60,0,0,1,0,0,1,0,0
K5K266060009,K5K266060009,1,1,2,53,63,0,0,0,0,0,1,0,0
K5K266064722,K5K266064722,1,1,2,46,56,0,0,0,0,0,0,0,0
K5K266079443,K5K266079443,1,1,1,67,77,0,0,1,0,0,2,0,0
K5K266048152,K5K266048152,1,1,1,50,60,1,1,1,1,1,1,0,1
K5K266085962,K5K266085962,1,1,2,58,68,0,0,0,0,0,1,0,0
K5K266072051,K5K266072051,0,0,2,54,64,0,0,0,0,0,1,0,0
K5K266042112,K5K266042112,1,1,1,54,64,0,0,1,0,0,1,0,0
K5K266021648,K5K266021648,1,1,1,64,74,0,1,1,0,0,1,0,1
K5K266055570,K5K266055570,1,1,1,58,68,1,2,0,1,1,0,0,2
K5K266028714,K5K266028714,1,1,2,45,55,0,0,1,0,0,1,0,0
K5K266043839,K5K266043839,1,1,1,67,77,0,0,1,0,0,1,0,0
K5K266075864,K5K266075864,0,0,2,58,68,0,0,2,0,0,2,0,0
K5K266066111,K5K266066111,1,1,1,49,59,0,0,1,0,0,2,0,0
K5K266050514,K5K266050514,0,1,1,65,75,0,0,2,0,0,2,0,0
K5K266089571,K5K266089571,1,1,1,51,61,0,0,1,0,0,1,0,0
K5K266054867,K5K266054867,1,1,1,52,62,0,0,2,0,0,2,0,0
K5K266073327,K5K266073327,1,1,2,65,75,0,0,2,0,0,2,0,0
K5K266062987,K5K266062987,1,1,2,59,69,1,1,0,1,1,0,0,1
K5K266050274,K5K266050274,1,1,2,58,68,0,0,1,0,0,2,0,0
K5K266088606,K5K266088606,1,1,2,46,56,1,1,1,1,1,1,0,1
K5K266090622,K5K266090622,1,1,1,49,59,0,0,1,0,0,1,0,0
K5K266003310,K5K266003310,1,1,2,58,68,0,0,0,0,0,1,0,1
K5K266059097,K5K266059097,1,1,1,45,55,1,1,0,0,0,1,0,1
K5K266047319,K5K266047319,1,1,1,58,68,0,0,1,0,0,1,0,0
K5K266054734,K5K266054734,1,1,1,50,60,0,0,1,0,0,1,0,0
K5K266000529,K5K266000529,0,1,2,53,63,0,0,0,0,0,0,0,0
K5K266036968,K5K266036968,1,1,1,56,66,0,0,1,0,0,1,0,0
K5K266072281,K5K266072281,0,0,1,67,77,0,0,0,0,0,1,0,0
K5K266025205,K5K266025205,1,1,2,48,58,0,0,0,0,0,1,0,0
K5K266089537,K5K266089537,0,1,2,65,75,0,0,2,0,0,2,0,0
K5K266098651,K5K266098651,1,1,1,53,63,0,0,0,0,0,0,0,0
K5K266060427,K5K266060427,0,0,2,67,77,0,0,1,0,0,1,0,0
K5K266065485,K5K266065485,1,1,1,62,72,0,0,0,0,0,2,0,0
K5K266049409,K5K266049409,1,1,2,68,78,0,0,2,0,0,2,0,0
K5K266082676,K5K266082676,1,1,2,63,73,0,0,1,0,0,1,0,0
K5K266000952,K5K266000952,1,1,2,63,73,0,0,0,0,0,0,0,0
K5K266021020,K5K266021020,1,1,1,69,79,0,0,2,0,0,2,0,1
K5K266088342,K5K266088342,1,1,2,68,78,0,0,0,0,0,1,0,0
K5K266075396,K5K266075396,1,1,1,68,78,0,0,1,0,0,1,0,0
K5K266009009,K5K266009009,1,1,1,48,58,1,1,0,1,1,0,0,1
K5K266019667,K5K266019667,1,1,2,54,64,1,1,1,1,1,1,0,1
K5K266074996,K5K266074996,1,1,1,59,69,1,1,1,1,1,1,0,1
K5K266044661,K5K266044661,1,1,2,58,68,0,0,1,0,0,2,0,0
K5K266062215,K5K266062215,1,1,2,62,72,0,0,1,0,0,1,0,0
K5K266036060,K5K266036060,1,1,2,53,63,1,1,1,1,1,1,0,1
K5K266077606,K5K266077606,1,1,1,64,74,0,0,1,0,0,1,0,0
K5K266003089,K5K266003089,1,1,1,46,56,0,0,0,0,0,0,0,0
K5K266095297,K5K266095297,1,1,1,60,70,1,1,1,1,1,1,0,1
K5K266029904,K5K266029904,0,0,2,45,55,0,0,1,0,0,1,0,0
K5K266077158,K5K266077158,1,1,2,68,78,2,2,0,2,2,0,0,2
K5K266058816,K5K266058816,1,1,2,58,68,0,0,2,0,0,2,0,0
K5K266017924,K5K266017924,1,1,2,61,71,0,0,1,0,0,1,0,0
K5K266047091,K5K266047091,1,1,2,65,75,0,0,1,0,0,1,0,0
K5K266070307,K5K266070307,0,0,2,54,64,0,0,2,0,0,1,0,1
K5K266038361,K5K266038361,1,1,2,47,57,0,0,2,0,0,2,0,0
K5K266049448,K5K266049448,1,1,2,62,72,2,2,0,2,2,0,0,2
K5K266048309,K5K266048309,1,1,1,51,61,0,0,1,0,0,2,0,0
K5K266094987,K5K266094987,0,1,2,49,59,1,1,1,1,1,1,1,2
K5K266024331,K5K266024331,1,1,1,55,65,0,0,1,0,0,1,0,0
K5K266077894,K5K266077894,1,1,1,57,67,0,0,0,0,0,0,0,1
K5K266041836,K5K266041836,0,0,2,52,62,0,0,2,0,0,2,0,0
K5K266036822,K5K266036822,1,1,1,47,57,0,0,0,0,0,0,0,0
K5K266098662,K5K266098662,0,0,1,54,64,0,0,0,0,0,0,0,0
K5K266025856,K5K266025856,1,1,1,66,76,0,0,1,0,0,1,0,0
K5K266000590,K5K266000590,1,1,1,63,73,0,0,0,0,0,0,0,0
K5K266077505,K5K266077505,1,1,2,50,60,1,1,1,0,0,2,0,1
K5K266016796,K5K266016796,0,1,2,46,56,0,0,0,0,0,0,0,0
K5K266067884,K5K266067884,0,0,1,56,66,0,0,0,0,0,0,0,0
K5K266051901,K5K266051901,1,1,1,60,70,0,0,2,0,0,2,0,0
K5K266092721,K5K266092721,1,1,2,55,65,1,1,0,1,1,0,0,1
K5K266070329,K5K266070329,1,1,2,66,76,0,0,1,0,0,1,0,0
K5K266075334,K5K266075334,1,1,2,62,72,0,0,1,0,0,1,0,0
K5K266047282,K5K266047282,0,1,2,59,69,0,0,1,0,0,0,0,1
K5K266066861,K5K266066861,1,1,2,58,68,0,0,0,0,0,0,0,0
K5K266055186,K5K266055186,1,1,1,51,61,1,1,1,1,1,1,0,1
K5K266048999,K5K266048999,1,1,2,47,57,0,0,1,0,0,1,0,0
K5K266003211,K5K266003211,0,1,1,56,66,0,0,0,0,0,1,0,0
K5K266003509,K5K266003509,0,0,2,47,57,0,0,0,0,0,0,0,0
K5K266093755,K5K266093755,0,0,2,47,57,0,0,1,0,0,1,0,0
K5K266029803,K5K266029803,1,1,2,59,69,0,0,0,0,0,0,0,0
K5K266057279,K5K266057279,1,1,2,45,55,0,0,1,0,0,1,0,0
K5K266090734,K5K266090734,1,1,2,66,76,0,0,0,0,0,0,0,0
K5K266050392,K5K266050392,0,0,2,52,62,0,0,2,0,0,1,0,1
K5K266022881,K5K266022881,1,1,2,54,64,0,1,0,0,0,1,0,1
K5K266052236,K5K266052236,1,1,2,57,67,0,0,2,0,0,2,0,0
K5K266044295,K5K266044295,1,1,1,48,58,0,0,0,0,0,0,0,0
K5K266060923,K5K266060923,0,1,1,53,63,0,0,2,0,0,2,0,0
K5K266083912,K5K266083912,1,1,2,63,73,0,0,2,0,0,2,0,0
K5K266027765,K5K266027765,1,1,1,66,76,0,0,1,0,0,1,0,0
K5K266060363,K5K266060363,1,1,2,52,62,0,0,0,0,0,0,0,0
K5K266055232,K5K266055232,1,1,2,61,71,0,0,0,0,0,1,0,0
K5K266027886,K5K266027886,1,1,1,48,58,0,0,2,0,0,2,1,1
K5K266034981,K5K266034981,1,1,2,68,78,0,0,1,0,0,1,0,0
K5K266022357,K5K266022357,1,1,2,47,57,0,0,2,0,0,1,0,1
K5K266003835,K5K266003835,1,1,2,47,57,0,0,2,0,0,2,1,1
K5K266072191,K5K266072191,1,1,1,49,59,0,0,2,0,0,1,0,0
K5K266063447,K5K266063447,0,0,2,55,65,0,0,1,0,0,2,0,0
K5K266053921,K5K266053921,1,1,2,58,68,0,0,2,0,0,2,0,0
K5K266011507,K5K266011507,1,1,1,52,62,0,0,2,0,0,1,0,1
K5K266070602,K5K266070602,1,1,2,67,77,1,1,0,1,1,0,0,1
K5K266018912,K5K266018912,1,1,2,49,59,2,2,0,2,2,0,0,2
K5K266018957,K5K266018957,1,1,1,56,66,0,0,2,0,0,2,0,0
K5K266046944,K5K266046944,1,1,2,67,77,0,0,2,0,0,2,0,0
K5K266030243,K5K266030243,1,1,2,57,67,0,0,1,0,0,2,1,1
K5K266033584,K5K266033584,1,1,2,53,63,0,0,2,0,0,2,0,0
K5K266025644,K5K266025644,1,1,1,64,74,0,0,0,0,0,1,0,0
K5K266078807,K5K266078807,1,1,2,69,79,0,0,2,0,0,2,1,1
K5K266038702,K5K266038702,0,1,2,47,57,0,0,2,0,0,2,0,0
K5K266038601,K5K266038601,1,1,1,53,63,0,0,0,0,0,0,0,0
K5K266053959,K5K266053959,0,0,2,25,35,0,0,1,0,0,2,0,0
K5K266073047,K5K266073047,1,1,1,56,66,0,0,1,0,0,2,0,0
K5K266055133,K5K266055133,0,1,1,62,72,0,0,1,0,0,2,0,0
K5K266006533,K5K266006533,1,1,1,68,78,0,0,0,0,0,1,0,0
K5K266022991,K5K266022991,1,1,2,59,69,0,0,1,0,0,1,0,0
K5K266063889,K5K266063889,1,1,2,59,69,0,0,0,0,0,0,0,1
K5K266098506,K5K266098506,0,0,1,34,44,0,0,0,0,0,1,0,0
K5K266074060,K5K266074060,1,1,1,43,53,0,0,0,0,0,0,0,0
K5K266011748,K5K266011748,1,1,2,61,71,0,0,1,0,0,2,0,0
K5K266080336,K5K266080336,1,1,2,63,73,0,0,1,0,0,1,0,0
K5K266075114,K5K266075114,1,1,2,59,69,0,0,0,0,0,0,0,0
K5K266004113,K5K266004113,0,0,2,61,71,1,1,1,1,1,1,0,1
K5K266032443,K5K266032443,1,1,1,41,51,0,0,2,0,0,2,0,0
K5K266083968,K5K266083968,0,0,2,30,40,0,0,1,0,0,2,0,0
K5K266087673,K5K266087673,1,1,1,60,70,0,0,2,0,0,2,0,0
K5K266037887,K5K266037887,1,1,1,68,78,0,0,1,0,0,1,0,0
K5K266068781,K5K266068781,1,0,1,28,38,0,0,1,0,0,1,0,0
K5K266092339,K5K266092339,1,1,2,59,69,1,1,0,1,1,0,0,1
K5K266083481,K5K266083481,0,0,2,32,42,1,1,0,1,1,0,0,1
K5K266066085,K5K266066085,1,1,2,53,63,0,0,2,0,0,2,0,0
K5K266003616,K5K266003616,1,1,2,58,68,0,0,1,0,0,2,0,0
K5K266060218,K5K266060218,0,0,2,34,44,1,1,1,0,0,2,0,0
K5K266051844,K5K266051844,1,1,1,52,62,0,0,1,0,0,1,0,0
K5K266048867,K5K266048867,1,1,2,58,68,0,0,0,0,0,1,0,0
K5K266088388,K5K266088388,1,1,1,68,78,0,0,2,0,0,1,0,1
K5K266039051,K5K266039051,1,1,1,58,68,0,0,1,0,0,1,0,0
K5K266079279,K5K266079279,1,1,1,63,73,0,0,1,0,0,1,1,0
K5K266093969,K5K266093969,0,0,2,51,61,0,0,1,0,0,1,0,0
K5K266041012,K5K266041012,1,1,2,29,39,1,1,0,1,1,1,0,1
K5K266055954,K5K266055954,0,0,2,26,36,0,0,1,0,0,1,0,0
K5K266069650,K5K266069650,1,1,1,66,76,0,0,0,0,0,0,0,0
K5K266052997,K5K266052997,1,1,1,55,65,0,1,0,0,0,0,0,1
K5K266061641,K5K266061641,0,0,2,30,40,0,0,2,0,0,2,1,1
K5K266035008,K5K266035008,1,1,1,69,79,1,1,1,1,1,1,0,1
K5K266097433,K5K266097433,0,1,2,36,46,0,0,0,0,0,0,0,0
K5K266053063,K5K266053063,1,1,2,66,76,0,0,1,0,0,2,0,0
K5K266025889,K5K266025889,0,1,1,58,68,0,0,1,0,0,2,0,0
K5K266057918,K5K266057918,0,0,2,44,54,1,1,1,1,1,1,0,1
K5K266032014,K5K266032014,1,1,1,69,79,0,0,1,0,0,1,0,0
K5K266044032,K5K266044032,0,0,2,25,35,0,0,0,0,0,1,0,0
K5K266042947,K5K266042947,0,0,2,41,51,0,0,1,0,0,1,0,0
K5K266024144,K5K266024144,0,0,2,39,49,0,0,0,0,0,1,0,0
K5K266094248,K5K266094248,0,1,2,67,77,0,0,1,0,0,1,0,0
K5K266017061,K5K266017061,0,0,1,51,61,0,0,2,0,0,2,0,0
K5K266026482,K5K266026482,1,1,2,60,70,0,0,2,0,0,1,0,1
K5K266057487,K5K266057487,0,1,1,35,45,1,1,0,1,1,1,0,1
K5K266017072,K5K266017072,1,1,2,65,75,0,0,0,0,0,0,0,0
K5K266022980,K5K266022980,1,1,2,66,76,0,0,1,0,0,1,0,0
K5K266042123,K5K266042123,0,0,2,51,61,0,0,1,0,0,2,0,0
K5K266032088,K5K266032088,1,1,1,67,77,1,1,0,0,0,0,0,1
K5K266052911,K5K266052911,1,1,2,67,77,1,1,1,1,1,1,0,1
K5K266057189,K5K266057189,1,1,1,68,78,0,0,2,0,0,2,0,0
K5K266026036,K5K266026036,1,1,1,65,75,1,1,0,0,0,1,0,1
K5K266013652,K5K266013652,1,1,2,55,65,0,0,1,0,0,1,0,0
K5K266094260,K5K266094260,1,1,2,61,71,0,0,1,0,0,1,0,0
K5K266034104,K5K266034104,0,1,1,55,65,1,1,0,1,1,0,0,1
K5K266084261,K5K266084261,1,1,1,35,45,0,0,1,0,0,2,0,0
K5K266070766,K5K266070766,0,1,2,68,78,0,0,2,0,0,2,0,0
K5K266038063,K5K266038063,1,1,2,62,72,0,0,1,0,0,1,0,0
K5K266027251,K5K266027251,1,1,1,65,75,0,0,0,0,0,0,0,0
K5K266088489,K5K266088489,1,1,1,47,57,1,1,0,1,1,0,0,1
K5K266094271,K5K266094271,1,1,1,41,51,0,0,1,0,0,1,0,0
K5K266038383,K5K266038383,1,1,2,61,71,1,1,1,0,0,2,0,0
K5K266079156,K5K266079156,0,0,2,28,38,0,0,0,0,0,0,0,0
K5K266076949,K5K266076949,1,1,1,41,51,1,1,1,1,1,1,0,1
K5K266072425,K5K266072425,1,1,2,69,79,0,0,1,0,0,1,0,0
K5K266064555,K5K266064555,1,1,2,59,69,0,0,1,0,0,2,0,0
K5K266044562,K5K266044562,0,0,1,37,47,0,0,1,0,0,1,0,1
K5K266064353,K5K266064353,1,1,1,65,75,0,0,1,0,0,1,0,0
K5K266024068,K5K266024068,0,0,2,35,45,1,1,0,0,0,1,0,1
K5K266085476,K5K266085476,1,1,1,45,55,0,0,1,0,0,2,0,0
K5K266085130,K5K266085130,0,0,2,28,38,0,0,1,0,0,2,0,0
K5K266062209,K5K266062209,1,1,1,53,63,0,0,1,0,0,1,0,1
K5K266073162,K5K266073162,1,1,2,61,71,0,0,2,0,0,2,0,0
K5K266051699,K5K266051699,0,1,2,40,50,0,0,1,0,0,1,0,0
K5K266019307,K5K266019307,1,1,2,39,49,0,0,0,0,0,1,0,1
K5K266058230,K5K266058230,1,1,2,52,62,1,1,1,1,1,1,0,1
K5K266045172,K5K266045172,1,1,2,38,48,1,1,1,1,1,1,0,1
K5K266033980,K5K266033980,1,1,2,57,67,0,0,0,0,0,0,0,0
K5K266045082,K5K266045082,0,0,2,30,40,0,0,1,0,0,1,0,0
K5K266038522,K5K266038522,1,1,2,66,76,1,1,0,1,1,1,0,1
K5K266017437,K5K266017437,1,1,1,55,65,0,0,0,0,0,0,0,0
K5K266023389,K5K266023389,1,1,2,53,63,0,0,0,0,0,0,0,0
K5K266091173,K5K266091173,0,0,1,30,40,0,0,0,0,0,0,0,1
K5K266043465,K5K266043465,1,1,2,62,72,0,0,2,0,0,2,0,0
K5K266078780,K5K266078780,1,1,1,31,41,0,0,1,0,0,1,0,0
K5K266052678,K5K266052678,1,1,1,60,70,1,1,0,1,1,0,0,1
K5K266016180,K5K266016180,0,1,2,57,67,0,0,2,0,0,2,0,0
K5K266027811,K5K266027811,1,1,1,61,71,0,0,0,0,0,0,0,0
K5K266043042,K5K266043042,1,1,2,56,66,0,0,0,0,0,1,0,0
K5K266060721,K5K266060721,0,0,2,57,67,0,0,0,0,0,1,0,0
K5K266067089,K5K266067089,1,1,1,65,75,0,0,0,0,0,1,0,0
K5K266020403,K5K266020403,1,1,1,50,60,0,0,2,0,0,2,0,0
K5K266048802,K5K266048802,1,1,2,62,72,0,0,0,0,0,0,0,0
K5K266028384,K5K266028384,0,0,2,42,52,1,1,0,0,0,1,0,1
K5K266098220,K5K266098220,1,1,1,58,68,0,0,0,0,0,0,0,1
K5K266092765,K5K266092765,1,1,1,69,79,1,1,1,1,1,1,0,1
K5K266086188,K5K266086188,0,1,1,30,40,0,0,1,0,0,1,0,0
K5K266084016,K5K266084016,1,1,2,43,53,0,0,1,0,0,1,0,0
K5K266081253,K5K266081253,1,1,2,37,47,0,0,2,0,0,2,1,1
K5K266034277,K5K266034277,1,1,2,28,38,0,0,1,0,0,2,0,0
K5K266013872,K5K266013872,0,0,2,34,44,0,0,1,0,0,2,0,0
K5K266094500,K5K266094500,1,1,2,34,44,0,0,1,0,0,2,0,0
K5K266070865,K5K266070865,1,1,1,52,62,0,0,0,0,0,0,0,0
K5K266065809,K5K266065809,1,1,1,64,74,0,0,0,0,0,1,0,0
K5K266061568,K5K266061568,1,1,2,61,71,0,0,0,0,0,0,0,0
K5K266028585,K5K266028585,0,0,2,31,41,1,2,0,1,1,0,0,2
K5K266097010,K5K266097010,1,1,1,47,57,0,0,2,0,0,2,0,0
K5K266035514,K5K266035514,1,1,1,57,67,0,0,1,0,0,1,0,0
K5K266021102,K5K266021102,1,1,1,48,58,0,0,0,0,0,0,0,0
K5K266023313,K5K266023313,1,1,1,35,45,0,0,0,0,0,1,0,0
K5K266072238,K5K266072238,1,1,1,63,73,0,0,0,0,0,1,0,0
K5K266080998,K5K266080998,0,1,1,56,66,0,0,0,0,0,2,0,0
K5K266073913,K5K266073913,1,1,2,52,62,0,0,0,0,0,1,0,0
K5K266037225,K5K266037225,1,1,2,41,51,0,0,0,0,0,0,0,0
K5K266090697,K5K266090697,1,1,2,65,75,0,0,1,0,0,1,0,0
K5K266086980,K5K266086980,0,1,1,66,76,0,0,0,0,0,0,0,0
K5K266028944,K5K266028944,1,1,1,68,78,0,0,0,0,0,0,0,1
K5K266001220,K5K266001220,1,1,2,53,63,0,0,1,0,0,1,0,0
K5K266053899,K5K266053899,0,0,2,36,46,0,0,1,0,0,1,0,0
K5K266080407,K5K266080407,1,1,1,59,69,0,0,1,0,0,0,0,1
K5K266078605,K5K266078605,1,1,2,69,79,0,0,1,0,0,2,0,0
K5K266000120,K5K266000120,0,1,2,56,66,0,0,1,0,0,1,0,0
K5K266061900,K5K266061900,1,1,1,58,68,0,0,1,0,0,1,0,0
K5K266051677,K5K266051677,0,0,2,25,35,2,2,0,2,2,0,0,2
K5K266084474,K5K266084474,1,1,1,55,65,0,0,2,0,0,2,0,0
K5K266037474,K5K266037474,0,0,2,27,37,1,1,1,1,1,1,0,1
K5K266071116,K5K266071116,1,1,2,60,70,0,0,1,0,0,1,0,0
K5K266002424,K5K266002424,1,1,2,39,49,0,0,0,0,0,1,0,0
K5K266077342,K5K266077342,0,1,2,33,43,0,0,1,0,0,1,0,0
K5K266043344,K5K266043344,0,0,2,27,37,0,1,1,0,0,1,0,1
K5K266033573,K5K266033573,0,0,2,55,65,0,0,0,0,0,1,0,0
K5K266008280,K5K266008280,1,1,1,52,62,0,0,1,0,0,1,0,0
K5K266056890,K5K266056890,1,1,1,67,77,1,1,0,1,1,0,0,1
K5K266044928,K5K266044928,1,1,1,59,69,0,0,1,0,0,2,0,0
K5K266008349,K5K266008349,0,0,2,37,47,1,1,0,1,1,0,0,1
K5K266044497,K5K266044497,0,0,2,31,41,0,0,1,0,0,2,1,1
K5K266064448,K5K266064448,1,1,1,32,42,0,0,1,0,0,1,0,1
K5K266077628,K5K266077628,0,0,1,39,49,0,0,0,0,0,0,0,1
K5K266099971,K5K266099971,1,1,1,66,76,0,0,1,0,0,1,0,0
K5K266000562,K5K266000562,0,0,2,65,75,0,0,0,0,0,2,0,0
K5K266041169,K5K266041169,1,1,1,39,49,0,0,0,0,0,0,0,0
K5K266024762,K5K266024762,0,0,2,34,44,0,0,2,0,0,2,0,0
K5K266039802,K5K266039802,1,1,1,62,72,0,0,1,0,0,1,0,0
K5K266057156,K5K266057156,1,1,1,39,49,1,1,0,1,1,0,0,1
K5K266094756,K5K266094756,1,1,2,65,75,0,0,0,0,0,0,0,0
K5K266089890,K5K266089890,1,1,1,63,73,0,0,1,0,0,1,0,0
K5K266076022,K5K266076022,1,1,1,60,70,1,1,0,1,1,0,0,1
K5K266054701,K5K266054701,1,1,1,61,71,0,0,2,0,0,2,0,0
K5K266080730,K5K266080730,1,1,2,39,49,0,0,2,0,0,2,0,0
K5K266047039,K5K266047039,1,1,1,52,62,0,0,2,0,0,2,0,1
K5K266076496,K5K266076496,0,0,2,56,66,0,0,0,0,0,0,0,0
K5K266065496,K5K266065496,0,0,2,44,54,0,0,0,0,0,0,0,0
K5K266031089,K5K266031089,0,0,2,40,50,0,0,0,0,0,2,0,0
K5K266078554,K5K266078554,1,1,2,61,71,0,0,0,0,0,0,0,0
K5K266092642,K5K266092642,1,1,1,38,48,1,1,1,1,1,1,0,1
K5K266026493,K5K266026493,0,1,1,51,61,0,0,0,0,0,1,0,0
K5K266006820,K5K266006820,1,1,2,55,65,0,0,0,0,0,0,0,1
K5K266003420,K5K266003420,0,1,1,63,73,0,0,1,0,0,2,0,0
K5K266031638,K5K266031638,0,0,1,45,55,0,0,1,0,0,1,0,0
K5K266014269,K5K266014269,0,0,2,25,35,0,0,0,0,0,0,0,0
K5K266081139,K5K266081139,0,0,2,36,46,0,0,0,0,0,0,0,0
K5K266074328,K5K266074328,0,0,2,40,50,1,1,0,1,1,0,0,1
K5K266055617,K5K266055617,0,0,2,28,38,0,0,1,0,0,1,0,0
K5K266054686,K5K266054686,1,1,1,51,61,1,1,0,1,1,0,0,1
K5K266011301,K5K266011301,1,1,2,55,65,0,0,1,0,0,2,0,0
K5K266018345,K5K266018345,1,1,1,44,54,0,0,0,0,0,1,0,0
K5K266014420,K5K266014420,1,1,2,67,77,0,0,2,0,0,1,1,2
K5K266041314,K5K266041314,1,1,1,69,79,0,0,0,0,0,0,0,0
K5K266084678,K5K266084678,1,1,2,40,50,0,0,1,0,0,1,0,0
K5K266002232,K5K266002232,1,1,2,64,74,0,0,0,0,0,1,0,0
K5K266047511,K5K266047511,1,1,1,32,42,0,0,2,0,0,2,0,0
K5K266049426,K5K266049426,1,1,2,49,59,0,1,0,0,0,1,0,1
K5K266066773,K5K266066773,1,1,1,49,59,0,0,1,0,0,1,0,0
K5K266029575,K5K266029575,1,1,1,52,62,0,0,1,0,0,1,0,0
K5K266008047,K5K266008047,0,1,2,37,47,0,0,1,0,0,1,0,0
K5K266057525,K5K266057525,1,1,2,61,71,0,0,0,0,0,0,0,1
K5K266039697,K5K266039697,1,1,2,57,67,0,0,1,0,0,1,0,0
K5K266012905,K5K266012905,0,0,2,44,54,0,0,0,0,0,1,0,0
K5K266089140,K5K266089140,1,1,1,64,74,1,1,1,1,1,1,0,1
K5K266054046,K5K266054046,1,1,2,62,72,0,0,2,0,0,2,0,0
K5K266075301,K5K266075301,1,1,1,64,74,0,0,1,0,0,1,0,0
K5K266043124,K5K266043124,1,1,2,34,44,0,0,1,0,0,2,1,1
K5K266099122,K5K266099122,1,1,2,57,67,0,0,1,0,0,1,0,0
K5K266008061,K5K266008061,1,1,2,64,74,0,0,2,0,0,2,0,0
K5K266045869,K5K266045869,0,0,2,41,51,0,0,0,0,0,1,0,0
K5K266002331,K5K266002331,1,1,1,56,66,0,0,1,0,0,1,0,1
K5K266064454,K5K266064454,1,1,2,45,55,1,1,0,1,1,0,0,1
K5K266034378,K5K266034378,0,0,2,40,50,1,1,1,1,1,1,0,2
K5K266014763,K5K266014763,1,1,1,59,69,0,0,1,0,0,1,0,0
K5K266072779,K5K266072779,1,1,1,41,51,0,0,0,0,0,0,0,2
K5K266051262,K5K266051262,0,0,2,44,54,0,0,1,0,0,1,0,0
K5K266045054,K5K266045054,1,1,1,57,67,1,1,0,1,1,1,0,0
K5K266007644,K5K266007644,0,0,2,25,35,0,0,1,0,0,1,0,0
K5K266097396,K5K266097396,0,0,1,38,48,1,1,0,1,1,0,0,1
K5K266092218,K5K266092218,0,0,2,35,45,0,0,2,0,0,2,0,0
K5K266069546,K5K266069546,1,1,1,66,76,0,0,1,0,0,2,0,0
K5K266084911,K5K266084911,0,0,2,31,41,0,0,1,0,0,1,0,0
K5K266027787,K5K266027787,1,1,1,60,70,0,0,1,0,0,1,0,0
K5K266039576,K5K266039576,1,1,1,50,60,0,1,0,0,0,0,0,1
K5K266031067,K5K266031067,1,1,2,36,46,0,0,1,0,0,1,0,0
K5K266095763,K5K266095763,0,0,1,40,50,0,0,1,0,0,1,0,0
K5K266058562,K5K266058562,1,1,2,63,73,0,0,0,0,0,0,0,0
K5K266097507,K5K266097507,1,1,1,69,79,0,0,1,0,0,1,0,0
K5K266038713,K5K266038713,1,1,1,36,46,0,0,2,0,0,1,0,1
K5K266028005,K5K266028005,1,1,2,63,73,0,0,1,0,0,1,0,1
K5K266082967,K5K266082967,1,1,2,53,63,0,0,0,0,0,0,0,0
K5K266023772,K5K266023772,1,1,1,49,59,0,0,0,0,0,0,0,0
K5K266019501,K5K266019501,0,0,2,42,52,0,0,2,0,0,2,0,0
K5K266007878,K5K266007878,1,1,2,57,67,0,0,1,0,0,1,1,1
K5K266029877,K5K266029877,1,1,1,53,63,1,1,0,1,1,1,0,1
K5K266054051,K5K266054051,1,1,1,56,66,1,1,1,0,0,2,1,1
K5K266099221,K5K266099221,1,1,1,56,66,0,0,0,0,0,0,0,0
K5K266026758,K5K266026758,0,0,2,35,45,1,1,0,0,0,1,0,0
K5K266036541,K5K266036541,1,1,2,68,78,0,0,2,0,0,2,0,0
K5K266025543,K5K266025543,0,0,1,55,65,1,1,1,1,1,1,0,1
K5K266034854,K5K266034854,1,1,2,37,47,0,0,1,0,0,2,0,0
K5K266021891,K5K266021891,1,1,1,54,64,0,0,1,0,0,0,0,1
K5K266060589,K5K266060589,1,1,1,63,73,0,0,1,0,0,1,0,0
K5K266049604,K5K266049604,1,1,2,64,74,0,0,0,0,0,0,0,0
K5K266048393,K5K266048393,0,0,2,39,49,1,1,1,1,1,1,0,1
K5K266039326,K5K266039326,1,1,1,62,72,1,1,0,1,1,0,0,1
K5K266089403,K5K266089403,0,1,1,65,75,0,0,1,0,0,2,0,0
K5K266066456,K5K266066456,1,1,1,31,41,0,0,2,0,0,2,0,0
K5K266053153,K5K266053153,1,1,2,52,62,1,1,0,1,1,0,0,1
K5K266098242,K5K266098242,1,1,2,43,53,0,0,1,0,0,2,0,0
K5K266076288,K5K266076288,1,0,2,56,66,0,0,0,0,0,0,0,0
K5K266013718,K5K266013718,1,1,1,55,65,0,0,0,0,0,0,0,0
K5K266054084,K5K266054084,1,1,1,68,78,1,1,0,1,1,0,0,1
K5K266028557,K5K266028557,0,0,2,25,35,0,0,1,0,0,2,0,0
K5K266029260,K5K266029260,1,1,1,62,72,0,0,0,0,0,0,0,0
K5K266046689,K5K266046689,1,1,1,66,76,0,0,1,0,0,1,0,1
K5K266019986,K5K266019986,0,0,2,31,41,1,1,0,1,1,0,0,1
K5K266010727,K5K266010727,1,1,2,50,60,0,0,1,0,0,1,0,0
K5K266007371,K5K266007371,1,1,2,59,69,0,0,0,0,0,0,0,0
K5K266025611,K5K266025611,1,1,1,68,78,1,1,0,1,1,0,0,1
K5K266036009,K5K266036009,0,0,1,49,59,1,1,1,1,1,1,0,1
K5K266098646,K5K266098646,0,1,2,58,68,0,0,2,0,0,1,0,1
K5K266037445,K5K266037445,0,0,2,44,54,1,1,1,1,1,1,1,2
K5K266001517,K5K266001517,0,0,2,30,40,0,0,1,0,0,1,0,1
K5K266098440,K5K266098440,0,0,2,43,53,1,1,0,1,1,0,0,1
K5K266019887,K5K266019887,1,1,1,62,72,0,0,1,0,0,1,0,0
K5K266099298,K5K266099298,0,0,1,28,38,0,0,0,0,0,0,0,0
K5K266084742,K5K266084742,0,0,2,33,43,0,0,0,0,0,1,0,0
K5K266032594,K5K266032594,1,1,1,57,67,0,0,1,0,0,1,0,0
K5K266089157,K5K266089157,0,0,2,27,37,0,0,1,0,0,2,0,0
K5K266023302,K5K266023302,0,1,2,29,39,0,0,0,0,0,1,0,0
K5K266073722,K5K266073722,0,0,2,51,61,0,0,1,0,0,1,0,0
K5K266001506,K5K266001506,1,1,2,54,64,0,0,1,0,0,2,0,0
K5K266034299,K5K266034299,1,1,1,57,67,0,0,0,0,0,0,0,0
K5K266098479,K5K266098479,1,1,2,54,64,1,1,1,1,1,1,0,1
K5K266050896,K5K266050896,1,1,1,51,61,0,0,1,0,0,1,0,0
K5K266080789,K5K266080789,0,0,2,35,45,0,0,1,0,0,1,0,1
K5K266017217,K5K266017217,1,1,1,33,43,0,0,2,0,0,2,0,1
K5K266010156,K5K266010156,0,1,2,28,38,0,0,0,0,0,0,0,0
K5K266092492,K5K266092492,0,0,2,31,41,1,1,0,1,1,0,0,1
K5K266071569,K5K266071569,1,1,1,39,49,0,0,1,0,0,2,0,0
K5K266011021,K5K266011021,1,1,1,39,49,0,0,0,0,0,1,0,0
K5K266095681,K5K266095681,1,1,2,56,66,0,0,1,0,0,0,0,1
K5K266020455,K5K266020455,1,1,1,52,62,0,0,2,0,0,2,0,0
K5K266031994,K5K266031994,1,1,2,53,63,0,1,1,0,0,1,0,1
K5K266090315,K5K266090315,1,1,2,53,63,0,0,1,0,0,2,0,0
K5K266087069,K5K266087069,0,0,2,37,47,0,0,0,0,0,0,0,0
K5K266088430,K5K266088430,0,1,2,66,76,0,0,1,0,0,1,0,0
K5K266052585,K5K266052585,1,1,2,64,74,1,1,1,1,1,1,0,1
K5K266097694,K5K266097694,1,1,2,69,79,0,0,0,0,0,1,0,0
K5K266060578,K5K266060578,1,1,1,64,74,0,0,0,0,0,0,0,0
K5K266040058,K5K266040058,1,1,1,55,65,0,0,0,0,0,0,0,0
K5K266056994,K5K266056994,1,1,1,68,78,0,0,2,0,0,2,0,0
K5K266094668,K5K266094668,0,0,2,48,58,1,1,0,1,1,0,0,1
K5K266019474,K5K266019474,1,1,2,61,71,0,0,1,0,0,2,0,0
K5K266097032,K5K266097032,0,0,2,31,41,1,1,1,0,0,2,0,1
K5K266029522,K5K266029522,0,0,1,35,45,0,0,1,0,0,1,0,0
K5K266005154,K5K266005154,0,0,2,28,38,0,0,2,0,0,2,0,0
K5K266004476,K5K266004476,1,1,1,54,64,0,0,2,0,0,2,0,0
K5K266045427,K5K266045427,1,1,2,64,74,0,0,0,0,0,0,0,0
K5K266027246,K5K266027246,1,1,1,33,43,0,1,0,0,0,0,0,1
K5K266010508,K5K266010508,1,1,2,42,52,0,0,1,0,0,1,0,0
K5K266068594,K5K266068594,1,1,2,40,50,1,1,1,1,1,1,0,1
K5K266076580,K5K266076580,1,1,2,51,61,0,0,1,0,0,0,0,1
K5K266010705,K5K266010705,0,0,1,40,50,0,0,2,0,0,2,0,0
K5K266010525,K5K266010525,0,1,2,54,64,1,1,0,1,1,1,0,1
K5K266056222,K5K266056222,0,0,2,33,43,0,0,1,0,0,1,0,0
K5K266047820,K5K266047820,1,1,1,61,71,1,1,1,1,1,1,0,1
K5K266056818,K5K266056818,0,1,2,35,45,0,0,2,0,0,2,0,0
